name,A,C,D,E,F,G,H,I,K,L,M,N,P,Q,R,S,T,V,W,Y
SUT1_ORYSJ,0.102420857,0.027932961,0.024208566,0.024208566,0.054003724,0.148975791,0.014897579,0.057728119,0.033519553,0.111731844,0.024208566,0.027932961,0.046554935,0.022346369,0.03538175,0.067039106,0.048417132,0.081936685,0.026070764,0.020484171
SCAM1_ORYSJ,0.107843137,0.013071895,0.032679739,0.062091503,0.071895425,0.075163399,0.013071895,0.058823529,0.049019608,0.094771242,0.022875817,0.039215686,0.065359477,0.022875817,0.055555556,0.068627451,0.016339869,0.071895425,0.019607843,0.039215686
MADS7_ORYSJ,0.0562249,0.024096386,0.024096386,0.104417671,0.020080321,0.060240964,0.02811245,0.02811245,0.072289157,0.120481928,0.024096386,0.0562249,0.036144578,0.072289157,0.080321285,0.0562249,0.048192771,0.048192771,0.008032129,0.032128514
GAOX2_ORYSJ,0.143958869,0.020565553,0.066838046,0.05655527,0.046272494,0.061696658,0.025706941,0.017994859,0.017994859,0.077120823,0.028277635,0.01285347,0.095115681,0.025706941,0.084832905,0.05655527,0.051413882,0.06940874,0.01285347,0.028277635