Phenotype,Genotype
51.8467613,0
50.29532937,0
43.85567711,0
54.19781096,0
52.62595407,0
75.33725161,1
77.84088611,1
83.53482986,1
62.82708478,1
76.11590212,1
93.61109459,2
92.6815146,2
110.2117032,2
93.11652375,2
97.56102979,2
